Date,Accident Location,Latitude,Longitude
2020-01-01 00:00:00,Bhatia,N21° 06' 46.45'',E73° 21' 16.44''
2020-01-01 00:00:00,Hazira,N21° 09' 58.63'',E73° 40' 15.78''
2020-01-01 00:00:00,Bhatia,N21° 06' 7.79'',E73° 20' 42.58''
2020-01-07 00:00:00,Kikakui,N21° 07' 16.19'',E72° 46' 39.69''
2020-01-09 00:00:00,Kikakui,N21° 07' 11.67'',E72° 47' 21.87''
2020-01-10 00:00:00,Abhava,N21° 08' 46.76'',E73° 30' 57.76''
2020-01-14 00:00:00,Chorvad,N21° 07' 0.08'',E72° 49' 16.06''
2020-01-15 00:00:00,Chachadbunda,N21° 11' 18.58'',E72° 42' 48.79''
2020-01-16 00:00:00,Kushalpura,N21° 05' 24.63'',E72° 54' 23.95''
2020-01-23 00:00:00,Mandal,N21° 07' 13.87'',E72° 48' 10.29''
2020-01-26 00:00:00,Bhatia,N21° 06' 52.14'',E73° 21' 19.79''
2020-01-27 00:00:00,Taraz,N21° 05' 58.64'',E73° 20' 2.5''
2020-01-31 00:00:00,Bhatpore,N21° 09' 48.73'',E73° 33' 3.03''
2020-01-31 00:00:00,Kikvad,N21° 06' 15.58'',E73° 06' 15.09''
2020-01-31 00:00:00,Borakhdi,N21° 05' 8.29'',E72° 58' 8.34''
2020-01-31 00:00:00,Abhava,N21° 08' 37.22'',E73° 30' 31.98''
2020-02-01 00:00:00,Ena Village,N21° 05' 48.99'',E73° 15' 4.4''
2020-02-02 00:00:00,Bajipura,N21° 05' 12.09'',E72° 58' 53.04''
2020-02-02 00:00:00,Kikakui,N21° 07' 11.67'',E72° 47' 21.87''
2020-02-07 00:00:00,Hazira,N21° 09' 58.14'',E73° 40' 8.87''
2020-02-09 00:00:00,Bardoli,N21° 06' 21.26'',E73° 10' 22.85''
2020-02-11 00:00:00,Bardoli,N21° 06' 16.84'',E73° 10' 9.83''
2020-02-12 00:00:00,Sonarpada,N21° 09' 7.28'',E72° 44' 31.86''
2020-02-12 00:00:00,Budia,N21° 07' 47.45'',E73° 27' 12.56''
2020-02-13 00:00:00,Kikakui,N21° 07' 12.42'',E72° 47' 40.9''
2020-02-13 00:00:00,Vanz,N21° 07' 34.1'',E73° 23' 33.14''
2020-02-14 00:00:00,Kawas,N21° 09' 59.1'',E73° 34' 12.47''
2020-02-15 00:00:00,Nani Kikwad,N21° 06' 27.49'',E73° 07' 1.72''
2020-02-15 00:00:00,Vanz,N21° 07' 34.12'',E73° 22' 16.91''
2020-02-16 00:00:00,Bhimrad,N21° 08' 8.11'',E73° 28' 49.52''
2020-02-18 00:00:00,Bardoli,N21° 06' 20.76'',E73° 10' 21.2''
2020-02-23 00:00:00,Bardoli,N21° 06' 21.06'',E73° 10' 22.19''
2020-02-24 00:00:00,Mandal,N21° 07' 13.8'',E72° 48' 12.37''
2020-02-25 00:00:00,Palsana,N21° 05' 50.88'',E73° 18' 25.89''
2020-02-26 00:00:00,Manekpore,N21° 05' 59.1'',E73° 03' 1.51''
2020-02-27 00:00:00,Etadva,N21° 05' 56.99'',E73° 19' 31.37''
2020-02-28 00:00:00,Sonarpada,N21° 08' 17.07'',E72° 45' 3.78''
2020-02-28 00:00:00,Sonarpada,N21° 08' 57.49'',E72° 44' 38.03''
2020-03-01 00:00:00,Kikakui,N21° 07' 13.28'',E72° 47' 52.99''
2020-03-02 00:00:00,Afva,N21° 06' 34.19'',E73° 08' 27.47''
2020-03-02 00:00:00,Kikakui,N21° 07' 11.86'',E72° 47' 27.06''
2020-03-02 00:00:00,Pokhran,N21° 08' 6.61'',E72° 45' 17.03''
2020-03-06 00:00:00,Vanesa,N21° 06' 20.65'',E73° 12' 7.75''
2020-03-07 00:00:00,Kawas,N21° 10' 52.09'',E73° 36' 2.85''
2020-03-09 00:00:00,Bardoli,N21° 06' 15.5'',E73° 10' 6.67''
2020-03-11 00:00:00,Bardoli,N21° 06' 16.84'',E73° 10' 9.83''
2020-03-11 00:00:00,Bhatpor,N21° 09' 50.47'',E73° 33' 13.17''
2020-03-12 00:00:00,Bardoli,N21° 06' 21.26'',E73° 10' 22.85''
2020-03-12 00:00:00,Vaanz,N21° 07' 34.12'',E73° 22' 16.91''
2020-03-16 00:00:00,Bardoli,N21° 06' 13.27'',E73° 09' 49.75''
2020-03-17 00:00:00,Bardoli,N21° 06' 20.25'',E73° 10' 19.55''
2020-03-18 00:00:00,Navi Kikvad,N21° 06' 30.43'',E73° 07' 15.22''
2020-03-18 00:00:00,khajod,N21° 08' 23.9'',E73° 29' 38.45''
2020-04-05 00:00:00,Magdalla,N21° 09' 10.16'',E73° 31' 47.24''
2020-04-05 00:00:00,Hazira,N21° 09' 46.47'',E73° 43' 43.06''
2020-04-19 00:00:00,Vaanz,N21° 07' 32.38'',E73° 22' 6.7''
2020-04-26 00:00:00,Chorvad,N21° 07' 6.33'',E72° 49' 2.35''
2020-04-27 00:00:00,Bhatpor,N21° 09' 50.52'',E73° 33' 20.09''
2020-04-28 00:00:00,Sachin,N21° 07' 33.42'',E73° 24' 32.04''
2020-05-03 00:00:00,Virpur,N21° 06' 37.78'',E72° 50' 13.42''
2020-05-10 00:00:00,Abhava,N21° 08' 39.42'',E73° 30' 38.5''
2020-05-11 00:00:00,Chakadiya,N21° 06' 34.23'',E72° 50' 30.28''
2020-05-12 00:00:00,Hazira,N21° 10' 1.52'',E73° 41' 4.11''
2020-05-13 00:00:00,Vanz,N21° 07' 32.78'',E73° 22' 8.38''
2020-05-17 00:00:00,Tichakpur,N21° 05' 8.93'',E72° 55' 59.36''
2020-05-18 00:00:00,Etadva,N21° 05' 54.06'',E73° 18' 53.4''
2020-05-22 00:00:00,Zaranpada,N21° 10' 44.35'',E72° 40' 16.27''
2020-05-27 00:00:00,Malekpore,N21° 06' 16.3'',E73° 17' 6.92''
2020-05-28 00:00:00,Jamki,126.2,
2020-06-11 00:00:00,Bajipura,N21° 05' 25.91'',E73° 00' 32.38''
2020-06-13 00:00:00,Tadkuva,N21° 06' 13.19'',E72° 51' 28.43''
2020-06-14 00:00:00,Bhadbhunja,N21° 08' 52.23'',E72° 39' 40.11''
2020-06-14 00:00:00,Sonarpada,N21° 08' 53.28'',E72° 44' 40.66''
2020-06-16 00:00:00,Ena,N21° 05' 53.24'',E73° 14' 38.81''
2020-06-16 00:00:00,Bhatia,N21° 06' 37.92'',E73° 21' 11.39''
2020-06-17 00:00:00,Bhatpore,N21° 09' 48.73'',E73° 33' 3.03''
2020-06-19 00:00:00,Ichchhapore,N21° 10' 50.44'',E73° 34' 57.61''
2020-06-20 00:00:00,Magdalla,N21° 09' 3.84'',E73° 31' 35.14''
2020-06-21 00:00:00,Hazira,N21° 09' 54.09'',E73° 39' 27.56''
2020-06-23 00:00:00,Virpur,N21° 06' 43.65'',E72° 49' 48.21''
2020-06-24 00:00:00,Juni Kikwad,N21° 06' 14.45'',E73° 06' 11.84''
2020-06-25 00:00:00,Maypur,N21° 05' 10.53'',E72° 57' 30.32''
2020-06-25 00:00:00,Malekpore,N21° 06' 16.3'',E73° 17' 6.92''
2020-06-27 00:00:00,Navi Kikwad,N21° 06' 27.84'',E73° 07' 3.42''
2020-06-29 00:00:00,Bhadbhunja,N21° 08' 56.63'',E72° 39' 42.22''
2020-07-04 00:00:00,Chorvad,N21° 07' 10.8'',E72° 48' 51.2''
2020-07-05 00:00:00,Malekpor,N21° 06' 16.3'',E73° 17' 6.92''
2020-07-07 00:00:00,Mandal,N21° 06' 47.02'',E72° 49' 40.37''
2020-07-09 00:00:00,Bardoli,N21° 06' 30.08'',E73° 10' 56.13''
2020-07-10 00:00:00,Hazira,N21° 09' 41.26'',E73° 42' 36.4''
2020-07-11 00:00:00,Ena,N21° 05' 55.25'',E73° 16' 2.18''
2020-07-12 00:00:00,Budiya,N21° 07' 48.89'',E73° 27' 15.67''
2020-07-13 00:00:00,Songadh,N21° 09' 35.05'',E72° 44' 17.47''
2020-07-14 00:00:00,Ena,N21° 05' 51.31'',E73° 14' 50.76''
2020-07-17 00:00:00,Sonarpada ,N21° 08' 53.28'',E72° 44' 40.66''
2020-07-20 00:00:00,Chorvad,N21° 07' 9.54'',E72° 48' 54.4''
2020-07-22 00:00:00,Pokaran,N21° 07' 56.74'',E72° 45' 30.71''
2020-07-26 00:00:00,Aafva,N21° 06' 34.06'',E73° 08' 30.93''
2020-07-26 00:00:00,Manekpur,N21° 05' 58.85'',E73° 02' 58.07''
2020-07-29 00:00:00,Damka,N21° 09' 59.28'',E73° 37' 50.54''
2020-07-29 00:00:00,Doswada,N21° 07' 43.33'',E72° 45' 54.46''
2020-07-31 00:00:00,Magdalla,N21° 08' 56.52'',E73° 31' 19.66''
2020-08-04 00:00:00,Mirkot,N21° 10' 45.64'',E72° 40' 28.33''
2020-08-09 00:00:00,Pakhari,N21° 11' 13.78'',E72° 42' 37.85''
2020-08-11 00:00:00,Runvalla,N21° 06' 27.71'',E73° 09' 15.01''
2020-08-11 00:00:00,Maypur,N21° 05' 10.44'',E72° 57' 18.2''
2020-08-13 00:00:00,Doswada,N21° 07' 41.63'',E72° 45' 57.41''
2020-08-13 00:00:00,Aafva,N21° 06' 33.68'',E73° 08' 41.31''
2020-08-14 00:00:00,Chorvad,N21° 07' 10.17'',E72° 48' 52.8''
2020-08-15 00:00:00,Songadh,N21° 09' 54.35'',E72° 44' 8.35''
2020-08-19 00:00:00,Kikvad,N21° 06' 33.12'',E73° 07' 28.78''
2020-08-21 00:00:00,Bhatpor,N21° 09' 48.73'',E73° 33' 3.03''
2020-08-23 00:00:00,ONGC Colony,N21° 10' 42.86'',E73° 36' 25.03''
2020-08-23 00:00:00,Mandal,N21° 07' 13.87'',E72° 48' 10.29''
2020-08-25 00:00:00,Bhatpor,N21° 09' 49.78'',E73° 33' 6.31''
2020-08-25 00:00:00,Pokhran,N21° 08' 12.79'',E72° 45' 8.98''
2020-08-25 00:00:00,Kikakui,N21° 07' 13.03'',E72° 47' 49.54''
2020-08-28 00:00:00,Bhatpor,N21° 10' 9.95'',E73° 34' 29.79''
2020-08-28 00:00:00,Magdalla,N21° 09' 32.23'',E73° 32' 23.51''
2020-08-28 00:00:00,Aaffva,N21° 06' 35.59'',E73° 08' 3.26''
2020-08-30 00:00:00,Bhadbhunja,N21° 08' 15.46'',E72° 39' 11.72''
2020-08-31 00:00:00,Kawas,N21° 11' 1.84'',E73° 35' 33.71''
2020-09-01 00:00:00,Doswada,N21° 07' 18.79'',E72° 46' 35.3''
2020-09-05 00:00:00,Jiav,N21° 07' 40.89'',E73° 26' 15.22''
2020-09-10 00:00:00,Kikakui,N21° 07' 11.63'',E72° 47' 20.83''
2020-09-13 00:00:00,Bhatpor,N21° 10' 46.69'',E73° 34' 52.04''
2020-09-13 00:00:00,Hazira,N21° 09' 41.33'',E73° 42' 26''
2020-09-13 00:00:00,Vanz,N21° 07' 34.4'',E73° 22' 37.7''
2020-09-15 00:00:00,Sachin,N21° 07' 33.42'',E73° 24' 32.04''
2020-09-15 00:00:00,Kawas,N21° 11' 1.84'',E73° 35' 33.71''
2020-09-16 00:00:00,Borkhadi,N21° 05' 11.88'',E72° 58' 51.32''
2020-09-17 00:00:00,Bhimrad,N21° 07' 53.78'',E73° 28' 7.14''
2020-09-18 00:00:00,Bardoli,N21° 06' 20.25'',E73° 10' 19.55''
2020-09-23 00:00:00,Chorvad ,N21° 07' 7.01'',E72° 49' 0.78''
2020-09-24 00:00:00,Songadh,N21° 10' 6.41'',E72° 44' 3.17''
2020-09-25 00:00:00,Hazira,N21° 10' 0.64'',E73° 40' 36.47''
2020-09-25 00:00:00,Sachin,N21° 07' 33.85'',E73° 24' 18.18''
2020-09-26 00:00:00,Tadkuva,N21° 06' 7.67'',E72° 51' 44.72''
2020-09-26 00:00:00,Tadkuva,N21° 05' 46.8'',E72° 53' 4.22''
2020-09-30 00:00:00,Mandal,N21° 07' 13.83'',E72° 48' 3.37''
2020-10-03 00:00:00,Etadva,N21° 05' 56.82'',E73° 19' 26.18''
2020-10-06 00:00:00,Sonarpada,N21° 08' 47.68'',E72° 44' 44.17''
2020-10-07 00:00:00,Doswada,N21° 07' 21.46'',E72° 46' 30.95''
2020-10-07 00:00:00,Bhatia,N21° 06' 55'',E73° 21' 21.45''
2020-10-08 00:00:00,Vanz,N21° 07' 34.21'',E73° 23' 8.89''
2020-10-08 00:00:00,Bhatia,N21° 06' 57.83'',E73° 21' 23.14''
2020-10-11 00:00:00,Aafva,N21° 06' 34.57'',E73° 07' 39.05''
2020-10-11 00:00:00,Mandal,N21° 07' 13.81'',E72° 48' 13.76''
2020-10-13 00:00:00,Budia,N21° 07' 43.54'',E73° 26' 42.73''
2020-10-13 00:00:00,Katgadh,N21° 06' 16.41'',E72° 51' 18.25''
2020-10-15 00:00:00,Tichakpura,N21° 05' 6.03'',E72° 56' 24.98''
2020-10-15 00:00:00,Katgadh,N21° 06' 27.15'',E72° 50' 49.64''
2020-10-16 00:00:00,Vanz,N21° 07' 34.39'',E73° 22' 39.43''
2020-10-18 00:00:00,Tichakpura,N21° 05' 6.56'',E72° 56' 30.14''
2020-10-18 00:00:00,Tadkuva,N21° 05' 49.49'',E72° 52' 27.64''
2020-10-23 00:00:00,Bhatpor,N21° 09' 58.87'',E73° 33' 53.49''
2020-10-24 00:00:00,Bhatia,N21° 07' 6.29'',E73° 21' 28.32''
2020-10-24 00:00:00,Bhatpor,N21° 09' 59.29'',E73° 34' 7.27''
2020-11-08 00:00:00,Magdalla,N21° 09' 35.89'',E73° 32' 31.25''
2020-11-09 00:00:00,Chorvad,N21° 07' 4.95'',E72° 49' 5.49''
2020-11-09 00:00:00,Vanz,N21° 07' 34.3'',E73° 22' 55.02''
2020-11-11 00:00:00,Vanz,N21° 07' 34.25'',E73° 23' 1.95''
2020-11-13 00:00:00,Doswada,N21° 07' 45.87'',E72° 45' 50.02''
2020-11-15 00:00:00,Bajipura,N21° 05' 31.87'',E73° 00' 51.95''
2020-11-16 00:00:00,Vanesa,N21° 06' 5.47'',E73° 13' 29.02''
2020-11-19 00:00:00,Manekpor,N21° 06' 16.3'',E73° 17' 6.92''
2020-11-20 00:00:00,Virpur,N21° 06' 43.22'',E72° 49' 49.88''
2020-11-24 00:00:00,Bhimrad,N21° 08' 9.17'',E73° 28' 52.8''
2020-11-28 00:00:00,Bardoli,N21° 06' 30.08'',E73° 10' 56.13''
2020-12-02 00:00:00,Doswada,N21° 07' 46.72'',E72° 45' 48.55''
2020-12-02 00:00:00,Kikakui,N21° 07' 11.41'',E72° 47' 14.94''
2020-12-09 00:00:00,Tadkuva,N21° 05' 54.92'',E72° 52' 16.26''
2020-12-13 00:00:00,Songadh,N21° 08' 53.28'',E72° 44' 40.66''
2020-12-13 00:00:00,Abhava,N21° 08' 52.13'',E73° 31' 10.37''
2020-12-16 00:00:00,Hazira,N21° 09' 58.14'',E73° 40' 8.87''
2020-12-19 00:00:00,Katgadh,N21° 06' 16.31'',E72° 51' 18.59''
2020-12-22 00:00:00,Kawas,N21° 10' 41.5'',E73° 36' 28.18''
2020-12-23 00:00:00,Khusalpura,N21° 05' 22.09'',E72° 54' 10.42''
2020-12-25 00:00:00,Chorvad,N21° 07' 0.66'',E72° 49' 14.82''
2020-12-26 00:00:00,Pokharan,N21° 08' 11.76'',E72° 45' 10.33''
2020-12-28 00:00:00,Bhatia,N21° 06' 36.5'',E73° 21' 10.55''
2020-12-29 00:00:00,Sejvad,N21° 06' 5.76'',E73° 04' 48.28''
2020-12-29 00:00:00,Vaanz,N21° 07' 34.41'',E73° 22' 35.96''
