SRNO,Accident_Location,Latitude,Longitude
1.0,Bhatia,21.112903,73.354567
2.0,Hazira,21.166286,73.67105
3.0,Bhatia,21.102164,73.345161
4.0,Kikakui,21.121164,72.777692
5.0,Kikakui,21.119908,72.789408
6.0,Abhava,21.146322,73.516044
7.0,Chorvad,21.116689,72.821128
8.0,Chachadbunda,21.188494,72.713553
9.0,Kushalpura,21.090175,72.906653
10.0,Mandal,21.120519,72.802858
11.0,Bhatia,21.114483,73.355497
12.0,Taraz,21.099622,73.334028
13.0,Bhatpore,21.163536,73.550842
14.0,Kikvad,21.104328,73.104192
15.0,Borakhdi,21.085636,72.968983
16.0,Abhava,21.143672,73.508883
17.0,Ena Village,21.096942,73.251222
18.0,Bajipura,21.086692,72.9814
19.0,Kikakui,21.119908,72.789408
20.0,Hazira,21.16615,73.669131
21.0,Bardoli,21.105906,73.173014
22.0,Bardoli,21.104678,73.169397
23.0,Sonarpada,21.152022,72.742183
24.0,Budia,21.129847,73.453489
25.0,Kikakui,21.120117,72.794694
26.0,Vanz,21.126139,73.392539
27.0,Kawas,21.166417,73.570131
28.0,Nani Kikwad,21.107636,73.117144
29.0,Vanz,21.126144,73.371364
30.0,Bhimrad,21.135586,73.480422
31.0,Bardoli,21.105767,73.172556
32.0,Bardoli,21.10585,73.172831
33.0,Mandal,21.1205,72.803436
34.0,Palsana,21.097467,73.307192
35.0,Manekpore,21.09975,73.050419
36.0,Etadva,21.099164,73.325381
37.0,Sonarpada,21.138075,72.75105
38.0,Sonarpada,21.149303,72.743897
39.0,Kikakui,21.120356,72.798053
40.0,Afva,21.109497,73.140964
41.0,Kikakui,21.119961,72.79085
42.0,Pokhran,21.135169,72.754731
43.0,Vanesa,21.105736,73.202153
44.0,Kawas,21.181136,73.600792
45.0,Bardoli,21.104306,73.168519
46.0,Bardoli,21.104678,73.169397
47.0,Bhatpor,21.164019,73.553658
48.0,Bardoli,21.105906,73.173014
49.0,Vaanz,21.126144,73.371364
50.0,Bardoli,21.103686,73.163819
51.0,Bardoli,21.105625,73.172097
52.0,Navi Kikvad,21.108453,73.120894
53.0,khajod,21.139972,73.494014
54.0,Magdalla,21.152822,73.529789
55.0,Hazira,21.162908,73.728628
56.0,Vaanz,21.125661,73.368528
57.0,Chorvad,21.118425,72.817319
58.0,Bhatpor,21.164033,73.555581
59.0,Sachin,21.12595,73.4089
60.0,Virpur,21.110494,72.837061
61.0,Abhava,21.144283,73.510694
62.0,Chakadiya,21.109508,72.841744
63.0,Hazira,21.167089,73.684475
64.0,Vanz,21.125772,73.368994
65.0,Tichakpur,21.085814,72.933156
66.0,Etadva,21.09835,73.314833
67.0,Zaranpada,21.178986,72.671186
68.0,Malekpore,21.104528,73.285256
70.0,Bajipura,21.090531,73.008994
71.0,Tadkuva,21.103664,72.857897
72.0,Bhadbhunja,21.147842,72.661142
73.0,Sonarpada,21.148133,72.744628
74.0,Ena,21.098122,73.244114
75.0,Bhatia,21.110533,73.353164
76.0,Bhatpore,21.163536,73.550842
77.0,Ichchhapore,21.180678,73.582669
78.0,Magdalla,21.151067,73.526428
79.0,Hazira,21.165025,73.657656
80.0,Virpur,21.112125,72.830058
81.0,Juni Kikwad,21.104014,73.103289
82.0,Maypur,21.086258,72.958422
83.0,Malekpore,21.104528,73.285256
84.0,Navi Kikwad,21.107733,73.117617
85.0,Bhadbhunja,21.149064,72.661728
86.0,Chorvad,21.119667,72.814222
87.0,Malekpor,21.104528,73.285256
88.0,Mandal,21.113061,72.827881
89.0,Bardoli,21.108356,73.182258
90.0,Hazira,21.161461,73.710111
91.0,Ena,21.098681,73.267272
92.0,Budiya,21.130247,73.454353
93.0,Songadh,21.159736,72.738186
94.0,Ena,21.097586,73.247433
95.0,Sonarpada ,21.148133,72.744628
96.0,Chorvad,21.119317,72.815111
97.0,Pokaran,21.132428,72.758531
98.0,Aafva,21.109461,73.141925
99.0,Manekpur,21.099681,73.049464
100.0,Damka,21.166467,73.630706
101.0,Doswada,21.128703,72.765128
102.0,Magdalla,21.149033,73.522128
103.0,Mirkot,21.179344,72.674536
104.0,Pakhari,21.187161,72.710514
105.0,Runvalla,21.107697,73.154169
106.0,Maypur,21.086233,72.955056
107.0,Doswada,21.128231,72.765947
108.0,Aafva,21.109356,73.144808
109.0,Chorvad,21.119492,72.814667
110.0,Songadh,21.165097,72.735653
111.0,Kikvad,21.1092,73.124661
112.0,Bhatpor,21.163536,73.550842
113.0,ONGC Colony,21.178572,73.606953
114.0,Mandal,21.120519,72.802858
115.0,Bhatpor,21.163828,73.551753
116.0,Pokhran,21.136886,72.752494
117.0,Kikakui,21.120286,72.797094
118.0,Bhatpor,21.169431,73.574942
119.0,Magdalla,21.158953,73.539864
120.0,Aaffva,21.109886,73.134239
121.0,Bhadbhunja,21.137628,72.653256
122.0,Kawas,21.183844,73.592697
123.0,Doswada,21.121886,72.776472
124.0,Jiav,21.128025,73.437561
125.0,Kikakui,21.119897,72.789119
126.0,Bhatpor,21.179636,73.581122
127.0,Hazira,21.161481,73.707222
128.0,Vanz,21.126222,73.377139
129.0,Sachin,21.12595,73.4089
130.0,Kawas,21.183844,73.592697
131.0,Borkhadi,21.086633,72.980922
132.0,Bhimrad,21.131606,73.46865
133.0,Bardoli,21.105625,73.172097
134.0,Chorvad ,21.118614,72.816883
135.0,Songadh,21.168447,72.734214
136.0,Hazira,21.166844,73.676797
137.0,Sachin,21.126069,73.40505
138.0,Tadkuva,21.102131,72.862422
139.0,Tadkuva,21.096333,72.884506
140.0,Mandal,21.120508,72.800936
141.0,Etadva,21.099117,73.323939
142.0,Sonarpada,21.146578,72.745603
143.0,Doswada,21.122628,72.775264
144.0,Bhatia,21.115278,73.355958
145.0,Vanz,21.126169,73.385803
146.0,Bhatia,21.116064,73.356428
147.0,Aafva,21.109603,73.127514
148.0,Mandal,21.120503,72.803822
149.0,Budia,21.128761,73.445203
150.0,Katgadh,21.104558,72.855069
151.0,Tichakpura,21.085008,72.940272
152.0,Katgadh,21.107542,72.847122
153.0,Vanz,21.126219,73.377619
154.0,Tichakpura,21.085156,72.941706
155.0,Tadkuva,21.097081,72.874344
156.0,Bhatpor,21.166353,73.564858
157.0,Bhatia,21.118414,73.357867
158.0,Bhatpor,21.166469,73.568686
159.0,Magdalla,21.159969,73.542014
160.0,Chorvad,21.118042,72.818192
161.0,Vanz,21.126194,73.38195
162.0,Vanz,21.126181,73.383875
163.0,Doswada,21.129408,72.763894
164.0,Bajipura,21.092186,73.014431
165.0,Vanesa,21.101519,73.224728
166.0,Manekpor,21.104528,73.285256
167.0,Virpur,21.112006,72.830522
168.0,Bhimrad,21.135881,73.481333
169.0,Bardoli,21.108356,73.182258
170.0,Doswada,21.129644,72.763486
171.0,Kikakui,21.119836,72.787483
172.0,Tadkuva,21.098589,72.871183
173.0,Songadh,21.148133,72.744628
174.0,Abhava,21.147814,73.519547
175.0,Hazira,21.16615,73.669131
176.0,Katgadh,21.104531,72.855164
177.0,Kawas,21.178194,73.607828
178.0,Khusalpura,21.089469,72.902894
179.0,Chorvad,21.11685,72.820783
180.0,Pokharan,21.1366,72.752869
181.0,Bhatia,21.110139,73.352931
182.0,Sejvad,21.1016,73.080078
183.0,Vaanz,21.126225,73.376656
1.0,Doswada,21.128703,73.711072
2.0,Vaanz,21.1262,73.670092
3.0,Sachin,21.126053,73.668939
4.0,Sachin,21.125969,73.667211
5.0,Vaanz,21.126153,73.658608
6.0,Navi Kikwad,21.107439,73.652561
7.0,Virpur,21.110494,73.638419
8.0,Bhimrad,21.134644,73.615683
9.0,Ichhapore,21.178103,73.613989
10.0,Palsana,21.098389,73.609606
11.0,Bardoli,21.104306,73.606081
12.0,Bhatia,21.103639,73.601686
13.0,Sachin,21.12605,73.598119
14.0,Chacharbunda,21.185378,73.598119
15.0,Bajipura,21.092186,73.597675
16.0,Kikakui,21.120008,73.597231
17.0,Vaanz,21.126144,73.587208
18.0,Pokhran,21.133978,73.580108
19.0,Bhatpor,21.164033,73.575881
20.0,Bardoli,21.107178,73.574469
21.0,Mandal,21.120525,73.574469
22.0,Tadkuva,21.097189,73.567725
23.0,Vaanz,21.126239,73.566764
24.0,Taraz,21.099844,73.556542
25.0,Bhatpor,21.168644,73.555581
26.0,Kikakui,21.119908,73.555581
27.0,Khajod,21.136169,73.550842
28.0,Katgadh,21.104531,73.550842
29.0,Kanav,21.103503,73.542014
30.0,Vaanz,21.126181,73.540294
31.0,Bhatia,21.104622,73.537717
32.0,Chacharbunda,21.186247,73.522989
33.0,Magdalla,21.159156,73.502375
34.0,Runvalla,21.109431,73.502375
35.0,Hazira,21.166133,73.499175
36.0,Vaanz,21.126231,73.482244
37.0,Vaanz,21.1262,73.479517
38.0,Nani kikwad,21.107439,73.477714
39.0,Virpur,21.1104,73.471364
40.0,Magdalla,21.159969,73.449986
41.0,Vyara,21.091031,73.443278
42.0,Bardoli,21.107031,73.430911
43.0,Kikakui,21.119711,73.426164
44.0,Abhva,21.141092,73.424264
45.0,Taraj,21.099892,73.420442
46.0,Galuda,21.100817,73.406494
47.0,Bhatpore,21.166544,73.406014
48.0,Hazira,21.1646,73.397833
49.0,Virpur,21.112125,73.39735
50.0,Kikakui,21.119897,73.396389
51.0,Hazira,21.161394,73.391578
52.0,Bardoli,21.103958,73.390614
53.0,Virpur,21.115428,73.390133
54.0,Vaanz,21.121228,73.388689
55.0,Vanz,21.126231,73.386764
56.0,Runvalla,21.105353,73.385803
57.0,Ghaluda,21.101892,73.383875
58.0,Doswada,21.129644,73.380989
59.0,Jamki,21.137628,73.380989
60.0,Bardoli,21.103836,73.3781
61.0,Vanesa,21.108183,73.377139
62.0,Bhatia,21.112903,73.376656
63.0,Aafva,21.109356,73.375694
64.0,Kawas,21.178956,73.37425
65.0,Vanz,21.126142,73.37425
66.0,Etadva,21.099056,73.373286
67.0,Pankhri,21.187258,73.371364
68.0,Bhatia,21.111322,73.3667
69.0,Nandeda,21.105736,73.360267
70.0,Kanav,21.104528,73.357347
71.0,Dipli,21.132531,73.354567
72.0,Chorvad,21.119492,73.354567
73.0,Maypur,21.086136,73.353631
74.0,Kawas,21.1775,73.352931
75.0,Tadkuva,21.102725,73.349642
76.0,Bhatpor,21.163536,73.349583
77.0,Bardoli,21.105625,73.348656
78.0,Bhatpor,21.171008,73.347406
79.0,Doswada,21.128939,73.3369
80.0,Sakarda,21.119678,73.3369
81.0,Vanz,21.12605,73.336422
82.0,Tadkuva,21.098267,73.336422
83.0,Gandhinagar,21.129069,73.335942
84.0,Bhatpor,21.166503,73.324419
85.0,Bhatlav,21.168644,73.322978
86.0,Sejvad,21.10155,73.31675
87.0,Virpur,21.1104,73.315311
88.0,Sakarda,21.116822,73.304808
89.0,Sachin,21.125558,73.290319
90.0,Kawas,21.182514,73.285256
91.0,Hazira,21.165158,73.285256
92.0,Doswada,21.124122,73.274244
93.0,Bhatpor,21.163536,73.271922
94.0,Itadva,21.099139,73.270375
95.0,Runvalla,21.106517,73.251222
96.0,Bhatia,21.112903,73.208678
97.0,Itadva,21.098508,73.202153
98.0,Palsana,21.101933,73.195483
99.0,Icchapore,21.182183,73.186989
100.0,Vanz,21.126144,73.177581
101.0,Bhatia,21.10455,73.177128
102.0,Tadkuva,21.097464,73.177128
103.0,Abhava,21.142064,73.176672
104.0,Khushalpura,21.091183,73.173928
105.0,Hazira,21.166217,73.172097
106.0,Uva,21.101522,73.168519
107.0,Kawas,21.182167,73.167631
108.0,Malekpore,21.104528,73.167631
109.0,Budiya,21.128767,73.167167
110.0,Bhadbhunja,21.139192,73.159375
111.0,Mirkot,21.17995,73.156769
112.0,Damka,21.175639,73.149614
113.0,Virpur,21.111789,73.144808
114.0,Pokhran,21.137461,73.142886
115.0,Kawas,21.1808,73.118083
116.0,Ghabheni,21.126997,73.116206
117.0,Vanz,21.126164,73.116206
118.0,Vanz,21.126225,73.103747
119.0,Bhimrad,21.135278,73.071417
120.0,Hazira,21.164786,73.067086
121.0,Bardoli,21.103958,73.060725
122.0,Kawas,21.182167,73.054322
123.0,Tadkuva,21.097478,73.014431
124.0,Tadkuva,21.120219,72.961306
125.0,Bardoli,21.107178,72.952192
126.0,Bhatpore,21.164111,72.919867
127.0,Vanz,21.126217,72.918919
128.0,Vanz,21.126136,72.917019
129.0,Budia,21.128383,72.883011
130.0,Bardoli,21.107325,72.877394
131.0,Abhva,21.149439,72.875494
132.0,Taraj,21.099844,72.871517
133.0,Pokhran,21.136317,72.860606
134.0,Abhva,21.142064,72.855164
135.0,Doswada,21.128231,72.837533
136.0,Vanz,21.126169,72.837533
137.0,Khushalpura,21.091478,72.837061
138.0,Doswada,21.129881,72.837061
139.0,Kawas,21.182336,72.836125
140.0,Maypur,21.085925,72.831456
141.0,Vanz,21.125094,72.830058
142.0,Sachin,21.126058,72.823792
143.0,Virpur,21.110494,72.818625
144.0,Kikakui,21.119897,72.814667
145.0,Bardoli,21.106186,72.814667
146.0,Palsana,21.097167,72.804783
147.0,Magdalla,21.157933,72.803436
148.0,Gabheni,21.126264,72.803436
149.0,Vanesa,21.104175,72.803244
150.0,Vanz,21.126239,72.800936
151.0,Aafva,21.109081,72.796133
152.0,Mandal,21.120508,72.792292
153.0,Bhatia,21.102975,72.789408
154.0,Bhatia,21.110139,72.789408
155.0,Mandal,21.1205,72.789119
156.0,Taraj,21.0998,72.789119
157.0,Mandal,21.120508,72.785561
158.0,Virpur,21.110703,72.782194
159.0,Taraj,21.099892,72.776875
160.0,Manekpor,21.103019,72.776069
161.0,Kikwad,21.107833,72.772856
162.0,Kikakui,21.122133,72.765947
163.0,Hazira,21.166003,72.765128
164.0,Bhatia,21.11765,72.764717
165.0,Kikakui,21.119767,72.763486
166.0,Sachin,21.126061,72.763075
167.0,Doswada,21.121639,72.756178
168.0,Juni kikwad,21.104156,72.753242
169.0,Bhatpore,21.164033,72.751753
170.0,Mandal,21.1205,72.727117
171.0,Chorvad,21.117847,72.710678
172.0,Chorvad,21.119492,72.708856
173.0,Nandeda,21.106631,72.707169
174.0,Sonagdh RTO,21.182217,72.683175
175.0,Vanz,21.126222,72.654397
176.0,Manekpor,21.102289,72.653256
177.0,Ena,21.096942,72.646989
178.0,Kikakui,21.119908,72.631611
179.0,Kawas,21.174778,72.629792
1.0,Virpur,21.112125,72.830058
2.0,Virpur,21.110594,72.836592
3.0,Songadh,21.159736,72.738186
4.0,Bhatpore,21.163536,73.550842
5.0,Hazira,21.165967,73.66625
6.0,Mandal,21.120606,72.809592
7.0,Bardoli,21.103958,73.167631
8.0,Tadkuva,21.102725,72.860606
9.0,Virpur,21.112822,72.828289
10.0,Mirkot,21.180264,72.687975
11.0,Afava,21.109192,73.147692
12.0,Chorvad,21.120014,72.813333
13.0,Budia,21.129639,73.453061
14.0,Bajipura,21.085606,72.969464
15.0,Mora,21.172281,73.620781
16.0,Malekpore,21.104144,73.286125
17.0,Virpur,21.114069,72.826283
18.0,Manekpore,21.100536,73.044267
19.0,Budia,21.128361,73.449028
20.0,Taraj,21.0998,73.335942
21.0,Songadh,21.159247,72.738439
22.0,Taraj,21.099892,73.3369
23.0,Bardoli,21.106328,73.174386
24.0,Nandida,21.106503,73.196436
25.0,Manekpore,21.103961,73.057125
26.0,Khajod,21.138453,73.490536
27.0,Vanesa,21.105806,73.201675
28.0,Songadh,21.159328,72.738397
29.0,Virpur,21.111356,72.833322
30.0,Khajod,21.134503,73.477258
31.0,Songadh,21.159736,72.738186
32.0,Khusalpura,21.089931,72.923522
33.0,Virpur,21.11705,72.820353
34.0,Damka,21.170806,73.625331
35.0,Ichhapore,21.180678,73.582669
36.0,Chorvad,21.119667,72.814222
37.0,Vanz,21.123942,73.364092
38.0,Hazira,21.166003,73.667211
39.0,Kawas,21.183681,73.59175
40.0,Katgadh,21.104472,72.855344
41.0,Vanz,21.125539,73.368064
42.0,Juni Kikwad,21.105381,73.10685
43.0,Bardoli,21.108597,73.185117
44.0,Magdalla,21.159358,73.540725
45.0,Sachin ,21.126031,73.406975
46.0,Sachin GIDC,21.126117,73.425214
47.0,Maypur,21.0855,72.971386
48.0,Vaanz,21.126147,73.389653
49.0,Vaanz,21.126225,73.372806
50.0,Bhimrad,21.130739,73.45765
51.0,Sachin GIDC,21.125822,73.423314
52.0,Taraj,21.099844,73.336422
53.0,Palsana,21.097578,73.308147
54.0,Doswada,21.128231,72.765947
55.0,Sejwad,21.101614,73.082964
56.0,Sachin GIDC,21.126264,73.426164
57.0,Kikakui,21.119872,72.788447
58.0,Tadkuva,21.097781,72.879292
59.0,Katgadh,21.105175,72.853367
60.0,Vanesa,21.105736,73.202153
61.0,Bhatpor,21.167225,73.573297
62.0,Bhutpor,21.104528,73.285256
63.0,Mandal,21.1205,72.803436
64.0,Ichhapor,21.172586,73.619875
65.0,Kawas,21.180453,73.602575
66.0,Bhatpor ,21.166528,73.565803
67.0,Vanz ,21.125406,73.367606
68.0,Bhatia ,21.109744,73.352694
69.0,Mora ,21.1645,73.635533
70.0,Lingad ,21.102483,73.346061
71.0,Mandal ,21.1205,72.803436
72.0,Vanz ,21.126053,73.39735
73.0,Mirkot ,21.180394,72.690858
74.0,Chorvad ,21.119492,72.814667
75.0,Songadh ,21.18575,72.724981
76.0,Bhatpor ,21.163536,73.550842
77.0,Vanz ,21.126228,73.376175
78.0,Damka ,21.175211,73.614839
79.0,Tichakpura,21.086008,72.932719
80.0,Virpur,21.113558,72.827075
81.0,Vanesa,21.104644,73.206819
82.0,Tichakpura,21.085639,72.933597
83.0,Sonarpada,21.143278,72.747594
84.0,Mandal,21.120525,72.811803
85.0,Bhatpor,21.167225,73.573297
86.0,Bhatpor,21.1718,73.576347
87.0,Kawas,21.179147,73.605644
88.0,Katgadh,21.107,72.848444
89.0,Vaanz,21.126222,73.377139
90.0,Pokharan,21.136317,72.753242
91.0,Pokharan,21.1366,72.752869
92.0,Borakhdi,21.086317,72.978056
93.0,Afva,21.109497,73.140964
94.0,Mora,21.164653,73.639381
95.0,Tichakpura,21.085028,72.938831
96.0,Gabheni,21.126922,73.430436
97.0,Bhatpor,21.164389,73.557453
98.0,Bhimrad,21.134961,73.478617
99.0,Chacharbunda,21.187619,72.711344
100.0,Pankhri,21.190231,72.719025
101.0,Maypur,21.086219,72.954575
102.0,Bajipura,21.0886,73.0016
103.0,Hazira,21.165025,73.657656
104.0,Sejvad,21.101611,73.082483
105.0,Sachin GIDC,21.125692,73.422361
106.0,Doswada,21.129644,72.763486
107.0,Kikakui,21.120231,72.796325
108.0,Bhatia,21.112903,73.354567
109.0,Sejvad,21.101558,73.072858
110.0,Mora,21.164561,73.645153
111.0,Kribhco,21.176814,73.611389
112.0,Bhatia,21.110533,73.353164
113.0,Songadh ,21.160142,72.737978
114.0,Vanz ,21.126228,73.376175
115.0,Vanz ,21.126231,73.373286
116.0,Sachin ,21.126147,73.389653
117.0,Vanz ,21.126222,73.377139
118.0,Sakarda ,21.113281,72.629033
119.0,Taraj ,21.099622,73.334028
120.0,Sachin ,21.126031,73.406975
121.0,Sonarpada ,21.148133,72.744628
122.0,Bhatia ,21.102814,73.346956
123.0,Bardoli,21.106469,73.174842
124.0,Katgadh ,21.104233,72.856072
125.0,Vanz ,21.126186,73.382914
126.0,Magdalla ,21.162336,73.547208
127.0,Khajod ,21.137825,73.488739
128.0,Ichhapore,21.174164,73.577758
129.0,Bardoli ,21.108203,73.181308
130.0,Songadh,21.159736,72.738186
131.0,Pankhri,21.189067,72.715381
132.0,Mora ,21.1646,73.638419
133.0,Sejvad ,21.101606,73.081039
134.0,Katgadh,21.104531,72.855164
135.0,Kawas,21.178194,73.607828
136.0,Lingad,21.102319,73.345611
137.0,Khushalpur,21.085,72.939792
138.0,Ghabheni ,21.125969,73.424264
139.0,Kawas,21.183392,73.590839
140.0,Malekpor ,21.102428,73.272697
141.0,Chachadbunda ,21.187392,72.710928
142.0,Pankhri ,21.190081,72.718569
143.0,Afva,21.108686,73.151483
144.0,Pokaran ,21.130589,72.761844
145.0,Hazira ,21.162911,73.720197
146.0,Katgadh,21.104383,72.855617
147.0,Ghabheni ,21.125669,73.416114
148.0,Sonarpada ,21.148133,72.744628
1.0,Mora ,21.178942,72.670308
2.0,Manekpor,21.099231,73.237539
3.0,Kikakui,21.139539,73.492694
4.0,Hazira ,21.161936,72.664756
5.0,Mandal,21.132614,73.471469
6.0,Khushalpura,21.124675,73.365453
7.0,Navi Kikvad ,21.10525,73.170786
8.0,Afva ,21.109372,73.145342
9.0,Ichhapore ,21.188578,72.713633
10.0,Magdalla,21.129886,72.763111
11.0,Hazira ,21.150142,72.661886
12.0,Kikakui,21.137786,73.488389
13.0,Malekpur-Kanav,21.089581,73.005842
14.0,Manekpor,21.099906,73.233269
15.0,Sachin,21.098036,72.881225
16.0,Vanz,21.091342,72.911342
17.0,Badbhunja,21.166472,73.672689
18.0,Etadava,21.086308,72.959411
19.0,Bardoli,21.106811,73.112969
20.0,Kikakui,21.139575,73.492781
21.0,Vanz,21.089547,72.903417
22.0,Sonarpada,21.161097,73.544269
23.0,Hindoliya,21.108633,73.183739
24.0,Kikakui,21.140322,73.495553
25.0,Hazira,21.176564,72.668236
26.0,Manekpor,21.099303,73.237064
27.0,Kribhco Flyover,21.182447,72.699719
28.0,Kushalpura,21.123339,73.362944
29.0,Bhatia Toll,21.090614,72.921958
30.0,Gabheni,21.106036,72.851172
31.0,Pokharan,21.149742,73.523531
32.0,Magdalla,21.144203,72.747014
33.0,Kikakui,21.13965,73.492956
34.0,Borakhadi ,21.097228,73.304892
35.0,Khushalpura,21.119664,73.358731
36.0,Khushalpura,21.126272,73.374347
37.0,Manekpor,21.099378,73.236589
38.0,Bajipura,21.096114,73.26345
39.0,Bajipura ,21.099592,73.268489
40.0,Sachin,21.097986,72.881703
41.0,Kikakui,21.139683,73.493044
42.0,Magdalla,21.150825,72.742881
43.0,Tichakpura,21.099958,73.336983
44.0,Magdalla,21.144589,72.746767
45.0,Pankhri,21.182581,73.588283
46.0,Itadva,21.086097,72.962769
47.0,Vanz,21.091111,72.909919
48.0,Magdalla,21.136033,72.753653
49.0,Vanz,21.091419,72.911817
50.0,Khushalpura,21.121344,73.360336
51.0,Hazira,21.148392,72.661431
52.0,Pokaran,21.150561,73.525247
53.0,Hindoliya,21.107267,73.191261
54.0,Runvalla,21.109967,73.132847
55.0,Kikakui,21.137983,73.489328
56.0,Kikakui,21.137619,73.487442
57.0,Budiya,21.110333,72.838336
58.0,Palsana,21.085561,72.971889
59.0,Pokaran,21.153206,73.530278
60.0,Juni Kikvad,21.107794,73.179014
61.0,Songadh,21.167108,73.573019
62.0,Bajipura,21.103511,73.287456
63.0,Indu ,21.126214,73.386381
64.0,Runvalla,21.109964,73.133328
65.0,Katgadh,21.12625,73.425781
66.0,Afva,21.109372,73.145342
67.0,Doswada,21.145,73.512619
68.0,Abhava ,21.119872,72.787061
69.0,Bajipura,21.103083,73.273519
70.0,Malekpor ,21.092464,73.014892
71.0,Uva,21.1031,73.218258
72.0,Bhatia toll,21.090531,72.922233
73.0,Taraj,21.086014,72.949825
74.0,Doswada,21.146019,73.515189
75.0,Bardoli ,21.107006,73.113911
76.0,Khushalpura,21.120014,73.359036
77.0,Taraj,21.086014,72.949825
78.0,Itadva,21.085906,72.96565
79.0,Doswada,21.142692,73.504328
80.0,Runvalla,21.109764,73.129006
81.0,Magdalla,21.134875,72.755131
82.0,Runvalla,21.109967,73.132847
83.0,Bardoli ,21.106475,73.111081
84.0,Magdalla,21.134875,72.755131
85.0,Chorvad ,21.130978,73.461114
86.0,Ghabheni,21.105325,72.853147
87.0,Sonarpada ,21.163475,73.550508
88.0,Kikakui ,21.140736,73.497425
89.0,Vanesa,21.101569,73.067136
90.0,Kikakui,21.140117,73.494614
91.0,Kakrapar,21.126092,73.396006
92.0,Bardoli,21.108008,73.118603
93.0,Doswada,21.148114,73.520092
94.0,Bardoli,21.104239,73.103789
95.0,Damka,21.1801,72.684694
96.0,Tadkuva,21.125972,73.409478
97.0,Kikakui,21.139575,73.492781
98.0,Vanz,21.090364,72.892356
99.0,Aafva,21.106667,73.156561
100.0,Katasvan,21.126233,73.371942
101.0,Mirkot,21.174522,73.616267
102.0,Hazira,21.152342,72.662419
103.0,Chorvad,21.131806,73.469017
104.0,Magdalla,21.153628,72.741328
105.0,Magdalla,21.132639,72.758139
106.0,Virpur,21.130742,73.456789
107.0,Vyara,21.104769,73.349669
108.0,Borakhadi   ,21.097436,73.306317
109.0,Ghaluda ,21.090978,73.011397
110.0,Kakrapar,21.126228,73.38205
111.0,Pakhri,21.183353,73.590544
112.0,Tichakpura ,21.100483,73.340292
113.0,Vanz,21.091706,72.913717
114.0,Hazira ,21.154544,72.66295
115.0,Bhatia ,21.085219,72.936942
116.0,Vanz,21.091706,72.913717
117.0,Vanz,21.0901,72.906233
118.0,Maypur,21.099239,73.325944
119.0,Sonarpada,21.161303,73.5447
120.0,Khusalpura,21.126231,73.382531
121.0,Hazira,21.126236,72.644869
122.0,Magdalla,21.150431,72.743114
123.0,Runvalla,21.109822,73.129964
124.0,Mirkot,21.170381,73.626369
125.0,Mirkot,21.170833,73.625319
126.0,Taraj,21.086206,72.953642
127.0,Songadh RTO,21.1716,73.576181
128.0,Mora ,21.177003,72.668344
129.0,Khushalpura,21.124675,73.365453
130.0,Magdalla,21.149258,72.743839
131.0,Sonarpada,21.161097,73.544269
132.0,Gandhinagar,21.161503,73.709836
133.0,Maypur,21.098783,73.319228
134.0,Sachin,21.097119,72.874089
135.0,Vanz,21.089325,72.898617
136.0,Dundi,21.120558,72.804839
137.0,Doswada ,21.147511,73.5188
138.0,Gandhinagar,21.163042,73.700422
139.0,Bhatia,21.091306,72.918481
140.0,Bhimrad ,21.108411,72.844931
141.0,Kikakui,21.140217,73.495083
142.0,Khushalpura,21.115822,73.356211
143.0,Borkhadi,21.098069,73.311567
144.0,Songadh ,21.164075,73.555711
145.0,Vanesa,21.101661,73.083975
146.0,Navi Kikvad ,21.104931,73.169886
147.0,Magdalla ,21.146144,72.745786
148.0,Gandinagar,21.161542,73.707428
149.0,Pokharan,21.150642,73.525419
150.0,Manekpor,21.100747,73.229033
151.0,Nandida,21.101661,73.083975
152.0,Zaranpada,21.164719,73.640053
153.0,Mandal ,21.132911,73.472378
154.0,Chorvad ,21.131719,73.468744
155.0,Palsana ,21.087353,72.994061
156.0,Vanesa ,21.101561,73.065692
157.0,Manekpor,21.099231,73.237539
158.0,Taraj ,21.086317,72.959122
159.0,Tichakpura,21.099353,73.328831
160.0,Sachin,21.098036,72.881225
161.0,Dundi,21.118472,72.817364
162.0,Ena,21.103361,73.038344
163.0,Gabheni,21.105875,72.851619
164.0,Mirkot,21.172564,73.620047
165.0,Manekpor,21.0987,73.240861
166.0,Maypur,21.099658,73.333631
167.0,Magdalla,21.145367,72.746278
168.0,Kikakui,21.142297,73.50295
169.0,Palasana,21.101661,73.083975
170.0,Magdalla,21.154861,72.740731
171.0,Khajod,21.120008,72.790908
172.0,Manekpor,21.099303,73.237064
173.0,Bardoli,21.106475,73.111081
174.0,Bhatpor,21.172311,72.732892
175.0,Ichhapore,21.179814,72.728472
176.0,Gabheni,21.103708,72.857947
177.0,Gabheni,21.107222,72.84805
178.0,Sejvad,21.103172,73.217783
179.0,Magdalla,21.154042,72.741133
180.0,Hindoliya,21.106614,73.196022
181.0,Magdalla,21.146531,72.745542
182.0,Hindoliya,21.106231,73.198881
183.0,Magdalla ,21.141875,72.748494
184.0,Tichakpura ,21.103181,73.347744
185.0,Sachin ,21.100453,72.867436
186.0,Taraj,21.085933,72.950783
187.0,Bardoli ,21.106314,73.110133
188.0,Abhva ,21.126597,72.768864
189.0,Khushalpura ,21.126239,73.380125
190.0,Afava ,21.109261,73.147264
191.0,Pokaran ,21.153206,73.530278
192.0,Virpur,21.130925,73.460153
193.0,Doswada,21.147511,73.5188
194.0,Magdalla ,21.142267,72.74825
195.0,Bardoli,21.106475,73.111081
196.0,Kribhco,21.181086,72.696153
197.0,Bajipura,21.099292,73.295417
198.0,Magdalla ,21.12965,72.763522
199.0,Mandal,21.136083,73.481906
200.0,Bhatpor,21.163017,72.736603
201.0,Bajipura,21.101297,73.29165
202.0,Magdalla,21.132639,72.758139
203.0,Sachin,21.100144,72.868339
204.0,Bajipura,21.102631,73.289136
205.0,Bajipura,21.097069,73.300136
206.0,Bajipura,21.096936,73.300842
207.0,Mandal,21.134578,73.477367
208.0,Bhatia,21.090669,72.921775
209.0,Mandal,21.136083,73.481906
210.0,Katgadh,21.126178,73.425306
211.0,Sachin,21.097394,72.876469
212.0,Manekpor,21.099303,73.237064
213.0,Sachin,21.098036,72.881225
214.0,Kikakui,21.139753,73.493225
215.0,Chorvad,21.131189,73.464958
216.0,Sachin,21.097775,72.878842
217.0,Bardoli,21.106811,73.112969
218.0,Doswada,21.147511,73.5188
219.0,Vanz,21.089483,72.902456
220.0,Affava,21.109464,73.143419
221.0,Mandal Toll,21.135372,73.479722
1.0,Hindoliya,21.107886,73.18845
2.0,Hazira (L&T),21.155419,72.663181
3.0,Bhatia Toll,21.090369,72.922683
4.0,Kawas,21.180392,72.689497
5.0,Magdalla,21.1477,72.744808
6.0,Mandal Toll,21.135311,73.479542
7.0,Kawas,21.184581,72.705028
8.0,Kikakui ,21.139575,73.492781
9.0,Ghabheni ,21.109228,72.842686
10.0,Ichhapore,21.189625,72.722536
11.0,Bhatia,21.088294,72.927492
12.0,Hazira,21.126981,72.645414
13.0,Abhava,21.127072,72.768047
14.0,Bardoli,21.107006,73.113911
15.0,Taraz,21.086292,72.955561
16.0,Virpur,21.128922,73.451431
17.0,Tichakpura,21.099658,73.333631
18.0,Anandpur,21.164594,73.646308
19.0,Kribhco ,21.184581,72.705028
20.0,Vaanz,21.091264,72.918767
21.0,Abhva ,21.126836,72.768456
22.0,Bhimrad,21.120569,72.806283
23.0,Bajipura ,21.096856,73.301558
24.0,Kribhco ,21.183161,72.701486
25.0,Dhamrod,21.101794,73.053614
26.0,Bhatia ,21.090531,72.922233
27.0,Katgadh,21.127267,73.432431
28.0,Bardoli ,21.108722,73.121883
29.0,Chacharbunda,21.176586,73.611986
30.0,Pokharan ,21.150561,73.525247
31.0,Vaanz,21.089325,72.898617
32.0,Uva ,21.103022,73.218731
33.0,Bardoli ,21.1077,73.117197
34.0,Vaanz,21.090431,72.907233
35.0,Mirkot,21.172892,73.619153
36.0,Mandal Toll Plaza,21.135342,73.479631
37.0,Mora,21.178636,72.668917
38.0,Vaanz,21.089542,72.893503
39.0,Bardoli,21.103378,73.101053
40.0,Bhatpore,21.156489,72.739897
41.0,Mora,21.178328,72.668639
42.0,Anandpur ,21.165289,73.659278
43.0,Chorvad,21.131214,73.465439
44.0,Mandal,21.133667,73.474647
45.0,Sejvad,21.102481,73.221067
46.0,Vanz,21.08945,72.900533
47.0,Ena,21.10125,73.031581
48.0,Dosvada ,21.147511,73.5188
49.0,Ena ,21.103306,73.038822
50.0,Vanz,21.089514,72.902936
51.0,Chorvad,21.131108,73.463517
52.0,Ichhapore,21.172722,72.732697
53.0,Hazira,21.140383,72.655214
54.0,Juni Kikvad,21.108433,73.186117
55.0,Kikakui,21.139575,73.492781
56.0,Chacharbunda,21.181964,73.598728
57.0,Magdalla,21.142267,72.74825
58.0,Unn,21.102942,72.860208
59.0,Sachin,21.097986,72.881703
60.0,Bardoli,21.107103,73.114381
61.0,Kawas,21.184236,72.704139
62.0,Magdalla,21.146919,72.745294
63.0,Vanz,21.088942,72.896736
64.0,Katgadh,21.126319,73.426256
65.0,Sachin GIDC,21.103556,72.8584
66.0,Kikakui,21.140117,73.494614
67.0,Bardoli,21.104942,73.105561
68.0,Hazira,21.146339,72.659567
69.0,Dipli,21.115683,72.823408
70.0,Bhimrad,21.118472,72.817364
71.0,Indu,21.126219,73.3859
72.0,Kikakui,21.139892,73.493681
73.0,Taraz,21.086311,72.957486
74.0,Hazira,21.153664,72.662725
75.0,Budiya,21.111197,72.834306
76.0,Taraj,21.085933,72.950783
77.0,Vanesa,21.101606,73.073392
78.0,Palsana,21.086358,72.978081
79.0,Lingad,21.085061,72.9403
80.0,Tapi Bridge ,21.151617,72.742417
81.0,Chorvad,21.131719,73.468744
82.0,Mandal,21.136894,73.484661
83.0,Katgadh,21.126222,73.425592
84.0,Sejvad,21.103386,73.214422
85.0,Unn,21.104422,72.855664
86.0,Dhamdod,21.101583,73.070503
87.0,Tichakpura,21.105156,73.349917
88.0,Manekpor,21.095683,73.257878
89.0,Vanz,21.090364,72.892356
90.0,Kikvad,21.104794,73.160728
91.0,Borakhadi,21.098069,73.311567
92.0,Vanz,21.08945,72.90005
93.0,Doswada,21.148114,73.520092
94.0,Kikakui,21.139575,73.492781
95.0,Magdalla,21.136033,72.753653
96.0,Kawas,21.180356,72.689017
97.0,Ena ,21.102258,73.041456
98.0,Chorvad,21.131289,73.466881
99.0,Dhamdod,21.104006,73.058603
100.0,Bajipura,21.097383,73.305839
101.0,Songadh,21.161219,73.544528
102.0,Bajipura,21.096906,73.301081
103.0,Katasvan ,21.099408,73.027189
104.0,Ena,21.106397,73.174439
105.0,Juni Kikvad,21.159056,73.539978
106.0,Pokhran,21.164719,73.640053
107.0,Charanpada,21.104422,72.855664
108.0,Unn,21.106228,73.109661
109.0,Bardoli,21.100583,73.029792
110.0,Ena,21.126069,73.407072
111.0,Tadkuva,21.111414,72.833369
112.0,Budia,21.099378,73.236589
113.0,Manekpore,21.161097,73.544269
114.0,Songadh,21.085933,72.950783
115.0,Taraj,21.098286,73.313478
116.0,Maypur,21.179483,72.675572
117.0,Damka,21.135219,73.479269
118.0,Mandal,21.111522,72.832903
119.0,Budia,21.099611,73.33315
120.0,Maypur,21.126231,73.382531
121.0,Indu,21.138439,72.750792
122.0,Magdalla,21.172311,72.732892
123.0,Bhatpore,21.161097,73.544269
124.0,Sonarpada,21.091706,72.913717
125.0,Vanz,21.109361,73.125183
126.0,Bardoli ,21.133678,72.756569
127.0,Magdalla,21.147097,73.517942
128.0,Doswada,21.109583,73.140053
129.0,Afva,21.098036,72.881225
130.0,Sachin,21.139575,73.492781
131.0,Kikakui,21.097303,72.87315
132.0,Sachin,21.160894,73.543842
133.0,Sonarpada,21.1046,73.161164
134.0,Afva,21.109372,73.145342
135.0,Afva,21.098014,72.881514
136.0,Sachin,21.091736,72.915631
137.0,Vanz,21.095592,73.25835
138.0,Bajipura,21.109314,73.146303
139.0,Afva,21.105547,73.350156
140.0,Bajipura,21.165989,72.665719
141.0,Hazira,21.125767,73.414767
142.0,Tadkuva,21.097711,72.882617
143.0,Sachin,21.089547,72.903417
144.0,Vanz,21.167753,72.666133
145.0,Suvali,21.1309,73.459672
146.0,Virpur,21.091706,72.913717
147.0,Vanz,21.154042,72.741133
148.0,Bhatpore,21.138333,73.490214
149.0,Kikakui,21.109389,72.842236
150.0,Gabheni,21.097703,72.872289
151.0,Sachin,21.182731,73.588736
152.0,Pankhri,21.100533,73.229969
153.0,Manekpore,21.085547,72.970928
154.0,Palsana,21.167031,73.691289
155.0,Jamki,21.106811,73.112969
156.0,Bardoli ,21.131867,73.469197
157.0,Chorvad ,21.109389,72.842236
158.0,Gabheni,21.130742,73.456789
159.0,Virpur,21.105389,72.852967
160.0,Gabheni,21.109069,72.843136
161.0,Gabheni,21.126272,73.373867
162.0,Kushalpura,21.099231,73.237539
163.0,Manekpore,21.146919,72.745294
164.0,Magdalla,21.177808,72.729578
165.0,Bhatpore,21.150142,72.661886
166.0,Hazira ,21.1074,73.115789
167.0,Bardoli ,21.145869,73.514839
168.0,Doswada ,21.182675,73.596958
169.0,Chacharbunda,21.124014,72.640744
170.0,Hazira ,21.126236,73.380606
171.0,Khushalpura,21.094958,72.886417
172.0,Sachin ,21.0904,72.907142
173.0,Vanz ,21.170597,73.625944
174.0,Mirkot,21.163172,73.699961
175.0,Gandhinagar,21.128636,73.447211
176.0,Virpur,21.089847,72.905311
177.0,Vanz ,21.107919,73.351553
178.0,Tichakpura,21.128922,73.451431
179.0,Virpur,21.127122,73.431481
180.0,Katgadh,21.178328,72.668639
181.0,Mora,21.18305,73.596083
182.0,Chacharbunda,21.102928,73.219203
183.0,Manekpor,21.097986,72.881703
184.0,Sachin ,21.13095,73.460633
185.0,Virpur,21.181964,73.598728
186.0,Chacharbunda,21.101639,73.080128
187.0,Vanesa,21.089328,72.893925
188.0,Vanz,21.086061,72.93275
189.0,Bhatia,21.137414,73.486506
190.0,Kikakui ,21.086806,72.982383
191.0,Palsana,21.142267,72.74825
192.0,Magdalla,21.085831,72.987056
193.0,Palsana,21.101672,73.0859
194.0,Vanesa,21.091594,72.916581
195.0,Vanz,21.08945,72.901014
196.0,Vanz,21.127789,73.435756
197.0,Virpur,21.116889,72.820825
198.0,Dipli,21.137414,73.486506
199.0,Kikakui ,21.173581,73.617911
200.0,Mirkot,21.184408,72.704583
201.0,Kawas,21.111736,72.831969
202.0,Budiya,21.173969,73.577583
203.0,RTO Checkpost,21.086453,72.931883
204.0,Bhatia,21.135189,73.479178
205.0,Mandal,21.109975,72.840419
206.0,Gabheni,21.147511,73.5188
207.0,Doswada,21.086164,72.961811
208.0,Etadava,21.089456,72.901494
209.0,Vanz,21.097383,73.305839
210.0,Borkhadi,21.17935,72.674136
211.0,Mora ,21.141875,72.748494
212.0,Magdalla,21.128839,73.444817
213.0,Virpur,21.154206,72.741053
214.0,Magdalla,21.085581,72.972178
215.0,Palsana,21.125625,72.644189
216.0,Hazira,21.148525,73.52095
217.0,Doswada,21.154042,72.741133
218.0,Magdalla,21.085675,72.969008
219.0,Palsana,21.109525,73.141689
220.0,Afva,21.126236,72.644869
221.0,Hazira,21.085875,72.966131
222.0,Itadva,21.106811,73.112969
223.0,Bardoli,21.097319,72.875997
224.0,Sachin,21.089131,72.925569
225.0,Bhatia,21.088908,73.003053
226.0,Malekpur,21.086033,72.948861
227.0,Taraj,21.091525,72.890883
228.0,Vanz,21.123047,72.774667
229.0,Abhva ,21.085933,72.950783
230.0,Taraj,21.109925,73.134292
231.0,Bardoli,21.087725,72.9288
232.0,Bhatia,21.128839,73.444817
233.0,Vyara bypass,21.104194,73.168131
234.0,Navi Kikwad,21.103381,73.037864
235.0,Ena,21.125619,73.368156
236.0,Khusalpura ,21.120325,72.812981
237.0,Dundi,21.085261,72.936461
238.0,Bhatia,21.125625,72.644189
239.0,Hazira,21.126119,72.769681
240.0,Abhva,21.086014,72.949825
241.0,Taraz,21.085675,72.969008
242.0,Itadva,21.126153,73.370983
243.0,Khusalpura ,21.102722,73.035092
244.0,Ena,21.135311,73.479542
245.0,Mandal ,21.126833,73.429581
246.0,Gabheni,21.106811,73.112969
247.0,Bardoli ,21.109181,73.124239
248.0,Bardoli ,21.135461,72.754397
249.0,Magdalla ,21.142267,72.74825
250.0,Magdalla ,21.1095,73.142458
251.0,Afava ,21.104794,73.160728
252.0,Navi Kikwad,21.109261,73.147264
253.0,Afava ,21.141975,73.50205
