Date,Accident Location,Latitude,Longitude,Latitude_decimal,Longitude_decimal
2020-01-01 00:00:00,Bhatia,N21° 06' 46.45'',E73° 21' 16.44'',21.112903,73.354567
2020-01-01 00:00:00,Hazira,N21° 09' 58.63'',E73° 40' 15.78'',21.166286,73.67105
2020-01-01 00:00:00,Bhatia,N21° 06' 7.79'',E73° 20' 42.58'',21.102164,73.345161
2020-01-07 00:00:00,Kikakui,N21° 07' 16.19'',E72° 46' 39.69'',21.121164,72.777692
2020-01-09 00:00:00,Kikakui,N21° 07' 11.67'',E72° 47' 21.87'',21.119908,72.789408
2020-01-10 00:00:00,Abhava,N21° 08' 46.76'',E73° 30' 57.76'',21.146322,73.516044
2020-01-14 00:00:00,Chorvad,N21° 07' 0.08'',E72° 49' 16.06'',21.116689,72.821128
2020-01-15 00:00:00,Chachadbunda,N21° 11' 18.58'',E72° 42' 48.79'',21.188494,72.713553
2020-01-16 00:00:00,Kushalpura,N21° 05' 24.63'',E72° 54' 23.95'',21.090175,72.906653
2020-01-23 00:00:00,Mandal,N21° 07' 13.87'',E72° 48' 10.29'',21.120519,72.802858
2020-01-26 00:00:00,Bhatia,N21° 06' 52.14'',E73° 21' 19.79'',21.114483,73.355497
2020-01-27 00:00:00,Taraz,N21° 05' 58.64'',E73° 20' 2.5'',21.099622,73.334028
2020-01-31 00:00:00,Bhatpore,N21° 09' 48.73'',E73° 33' 3.03'',21.163536,73.550842
2020-01-31 00:00:00,Kikvad,N21° 06' 15.58'',E73° 06' 15.09'',21.104328,73.104192
2020-01-31 00:00:00,Borakhdi,N21° 05' 8.29'',E72° 58' 8.34'',21.085636,72.968983
2020-01-31 00:00:00,Abhava,N21° 08' 37.22'',E73° 30' 31.98'',21.143672,73.508883
2020-02-01 00:00:00,Ena Village,N21° 05' 48.99'',E73° 15' 4.4'',21.096942,73.251222
2020-02-02 00:00:00,Bajipura,N21° 05' 12.09'',E72° 58' 53.04'',21.086692,72.9814
2020-02-02 00:00:00,Kikakui,N21° 07' 11.67'',E72° 47' 21.87'',21.119908,72.789408
2020-02-07 00:00:00,Hazira,N21° 09' 58.14'',E73° 40' 8.87'',21.16615,73.669131
2020-02-09 00:00:00,Bardoli,N21° 06' 21.26'',E73° 10' 22.85'',21.105906,73.173014
2020-02-11 00:00:00,Bardoli,N21° 06' 16.84'',E73° 10' 9.83'',21.104678,73.169397
2020-02-12 00:00:00,Sonarpada,N21° 09' 7.28'',E72° 44' 31.86'',21.152022,72.742183
2020-02-12 00:00:00,Budia,N21° 07' 47.45'',E73° 27' 12.56'',21.129847,73.453489
2020-02-13 00:00:00,Kikakui,N21° 07' 12.42'',E72° 47' 40.9'',21.120117,72.794694
2020-02-13 00:00:00,Vanz,N21° 07' 34.1'',E73° 23' 33.14'',21.126139,73.392539
2020-02-14 00:00:00,Kawas,N21° 09' 59.1'',E73° 34' 12.47'',21.166417,73.570131
2020-02-15 00:00:00,Nani Kikwad,N21° 06' 27.49'',E73° 07' 1.72'',21.107636,73.117144
2020-02-15 00:00:00,Vanz,N21° 07' 34.12'',E73° 22' 16.91'',21.126144,73.371364
2020-02-16 00:00:00,Bhimrad,N21° 08' 8.11'',E73° 28' 49.52'',21.135586,73.480422
2020-02-18 00:00:00,Bardoli,N21° 06' 20.76'',E73° 10' 21.2'',21.105767,73.172556
2020-02-23 00:00:00,Bardoli,N21° 06' 21.06'',E73° 10' 22.19'',21.10585,73.172831
2020-02-24 00:00:00,Mandal,N21° 07' 13.8'',E72° 48' 12.37'',21.1205,72.803436
2020-02-25 00:00:00,Palsana,N21° 05' 50.88'',E73° 18' 25.89'',21.097467,73.307192
2020-02-26 00:00:00,Manekpore,N21° 05' 59.1'',E73° 03' 1.51'',21.09975,73.050419
2020-02-27 00:00:00,Etadva,N21° 05' 56.99'',E73° 19' 31.37'',21.099164,73.325381
2020-02-28 00:00:00,Sonarpada,N21° 08' 17.07'',E72° 45' 3.78'',21.138075,72.75105
2020-02-28 00:00:00,Sonarpada,N21° 08' 57.49'',E72° 44' 38.03'',21.149303,72.743897
2020-03-01 00:00:00,Kikakui,N21° 07' 13.28'',E72° 47' 52.99'',21.120356,72.798053
2020-03-02 00:00:00,Afva,N21° 06' 34.19'',E73° 08' 27.47'',21.109497,73.140964
2020-03-02 00:00:00,Kikakui,N21° 07' 11.86'',E72° 47' 27.06'',21.119961,72.79085
2020-03-02 00:00:00,Pokhran,N21° 08' 6.61'',E72° 45' 17.03'',21.135169,72.754731
2020-03-06 00:00:00,Vanesa,N21° 06' 20.65'',E73° 12' 7.75'',21.105736,73.202153
2020-03-07 00:00:00,Kawas,N21° 10' 52.09'',E73° 36' 2.85'',21.181136,73.600792
2020-03-09 00:00:00,Bardoli,N21° 06' 15.5'',E73° 10' 6.67'',21.104306,73.168519
2020-03-11 00:00:00,Bardoli,N21° 06' 16.84'',E73° 10' 9.83'',21.104678,73.169397
2020-03-11 00:00:00,Bhatpor,N21° 09' 50.47'',E73° 33' 13.17'',21.164019,73.553658
2020-03-12 00:00:00,Bardoli,N21° 06' 21.26'',E73° 10' 22.85'',21.105906,73.173014
2020-03-12 00:00:00,Vaanz,N21° 07' 34.12'',E73° 22' 16.91'',21.126144,73.371364
2020-03-16 00:00:00,Bardoli,N21° 06' 13.27'',E73° 09' 49.75'',21.103686,73.163819
2020-03-17 00:00:00,Bardoli,N21° 06' 20.25'',E73° 10' 19.55'',21.105625,73.172097
2020-03-18 00:00:00,Navi Kikvad,N21° 06' 30.43'',E73° 07' 15.22'',21.108453,73.120894
2020-03-18 00:00:00,khajod,N21° 08' 23.9'',E73° 29' 38.45'',21.139972,73.494014
2020-04-05 00:00:00,Magdalla,N21° 09' 10.16'',E73° 31' 47.24'',21.152822,73.529789
2020-04-05 00:00:00,Hazira,N21° 09' 46.47'',E73° 43' 43.06'',21.162908,73.728628
2020-04-19 00:00:00,Vaanz,N21° 07' 32.38'',E73° 22' 6.7'',21.125661,73.368528
2020-04-26 00:00:00,Chorvad,N21° 07' 6.33'',E72° 49' 2.35'',21.118425,72.817319
2020-04-27 00:00:00,Bhatpor,N21° 09' 50.52'',E73° 33' 20.09'',21.164033,73.555581
2020-04-28 00:00:00,Sachin,N21° 07' 33.42'',E73° 24' 32.04'',21.12595,73.4089
2020-05-03 00:00:00,Virpur,N21° 06' 37.78'',E72° 50' 13.42'',21.110494,72.837061
2020-05-10 00:00:00,Abhava,N21° 08' 39.42'',E73° 30' 38.5'',21.144283,73.510694
2020-05-11 00:00:00,Chakadiya,N21° 06' 34.23'',E72° 50' 30.28'',21.109508,72.841744
2020-05-12 00:00:00,Hazira,N21° 10' 1.52'',E73° 41' 4.11'',21.167089,73.684475
2020-05-13 00:00:00,Vanz,N21° 07' 32.78'',E73° 22' 8.38'',21.125772,73.368994
2020-05-17 00:00:00,Tichakpur,N21° 05' 8.93'',E72° 55' 59.36'',21.085814,72.933156
2020-05-18 00:00:00,Etadva,N21° 05' 54.06'',E73° 18' 53.4'',21.09835,73.314833
2020-05-22 00:00:00,Zaranpada,N21° 10' 44.35'',E72° 40' 16.27'',21.178986,72.671186
2020-05-27 00:00:00,Malekpore,N21° 06' 16.3'',E73° 17' 6.92'',21.104528,73.285256
2020-05-28 00:00:00,Jamki,126.2,,,
2020-06-11 00:00:00,Bajipura,N21° 05' 25.91'',E73° 00' 32.38'',21.090531,73.008994
2020-06-13 00:00:00,Tadkuva,N21° 06' 13.19'',E72° 51' 28.43'',21.103664,72.857897
2020-06-14 00:00:00,Bhadbhunja,N21° 08' 52.23'',E72° 39' 40.11'',21.147842,72.661142
2020-06-14 00:00:00,Sonarpada,N21° 08' 53.28'',E72° 44' 40.66'',21.148133,72.744628
2020-06-16 00:00:00,Ena,N21° 05' 53.24'',E73° 14' 38.81'',21.098122,73.244114
2020-06-16 00:00:00,Bhatia,N21° 06' 37.92'',E73° 21' 11.39'',21.110533,73.353164
2020-06-17 00:00:00,Bhatpore,N21° 09' 48.73'',E73° 33' 3.03'',21.163536,73.550842
2020-06-19 00:00:00,Ichchhapore,N21° 10' 50.44'',E73° 34' 57.61'',21.180678,73.582669
2020-06-20 00:00:00,Magdalla,N21° 09' 3.84'',E73° 31' 35.14'',21.151067,73.526428
2020-06-21 00:00:00,Hazira,N21° 09' 54.09'',E73° 39' 27.56'',21.165025,73.657656
2020-06-23 00:00:00,Virpur,N21° 06' 43.65'',E72° 49' 48.21'',21.112125,72.830058
2020-06-24 00:00:00,Juni Kikwad,N21° 06' 14.45'',E73° 06' 11.84'',21.104014,73.103289
2020-06-25 00:00:00,Maypur,N21° 05' 10.53'',E72° 57' 30.32'',21.086258,72.958422
2020-06-25 00:00:00,Malekpore,N21° 06' 16.3'',E73° 17' 6.92'',21.104528,73.285256
2020-06-27 00:00:00,Navi Kikwad,N21° 06' 27.84'',E73° 07' 3.42'',21.107733,73.117617
2020-06-29 00:00:00,Bhadbhunja,N21° 08' 56.63'',E72° 39' 42.22'',21.149064,72.661728
2020-07-04 00:00:00,Chorvad,N21° 07' 10.8'',E72° 48' 51.2'',21.119667,72.814222
2020-07-05 00:00:00,Malekpor,N21° 06' 16.3'',E73° 17' 6.92'',21.104528,73.285256
2020-07-07 00:00:00,Mandal,N21° 06' 47.02'',E72° 49' 40.37'',21.113061,72.827881
2020-07-09 00:00:00,Bardoli,N21° 06' 30.08'',E73° 10' 56.13'',21.108356,73.182258
2020-07-10 00:00:00,Hazira,N21° 09' 41.26'',E73° 42' 36.4'',21.161461,73.710111
2020-07-11 00:00:00,Ena,N21° 05' 55.25'',E73° 16' 2.18'',21.098681,73.267272
2020-07-12 00:00:00,Budiya,N21° 07' 48.89'',E73° 27' 15.67'',21.130247,73.454353
2020-07-13 00:00:00,Songadh,N21° 09' 35.05'',E72° 44' 17.47'',21.159736,72.738186
2020-07-14 00:00:00,Ena,N21° 05' 51.31'',E73° 14' 50.76'',21.097586,73.247433
2020-07-17 00:00:00,Sonarpada ,N21° 08' 53.28'',E72° 44' 40.66'',21.148133,72.744628
2020-07-20 00:00:00,Chorvad,N21° 07' 9.54'',E72° 48' 54.4'',21.119317,72.815111
2020-07-22 00:00:00,Pokaran,N21° 07' 56.74'',E72° 45' 30.71'',21.132428,72.758531
2020-07-26 00:00:00,Aafva,N21° 06' 34.06'',E73° 08' 30.93'',21.109461,73.141925
2020-07-26 00:00:00,Manekpur,N21° 05' 58.85'',E73° 02' 58.07'',21.099681,73.049464
2020-07-29 00:00:00,Damka,N21° 09' 59.28'',E73° 37' 50.54'',21.166467,73.630706
2020-07-29 00:00:00,Doswada,N21° 07' 43.33'',E72° 45' 54.46'',21.128703,72.765128
2020-07-31 00:00:00,Magdalla,N21° 08' 56.52'',E73° 31' 19.66'',21.149033,73.522128
2020-08-04 00:00:00,Mirkot,N21° 10' 45.64'',E72° 40' 28.33'',21.179344,72.674536
2020-08-09 00:00:00,Pakhari,N21° 11' 13.78'',E72° 42' 37.85'',21.187161,72.710514
2020-08-11 00:00:00,Runvalla,N21° 06' 27.71'',E73° 09' 15.01'',21.107697,73.154169
2020-08-11 00:00:00,Maypur,N21° 05' 10.44'',E72° 57' 18.2'',21.086233,72.955056
2020-08-13 00:00:00,Doswada,N21° 07' 41.63'',E72° 45' 57.41'',21.128231,72.765947
2020-08-13 00:00:00,Aafva,N21° 06' 33.68'',E73° 08' 41.31'',21.109356,73.144808
2020-08-14 00:00:00,Chorvad,N21° 07' 10.17'',E72° 48' 52.8'',21.119492,72.814667
2020-08-15 00:00:00,Songadh,N21° 09' 54.35'',E72° 44' 8.35'',21.165097,72.735653
2020-08-19 00:00:00,Kikvad,N21° 06' 33.12'',E73° 07' 28.78'',21.1092,73.124661
2020-08-21 00:00:00,Bhatpor,N21° 09' 48.73'',E73° 33' 3.03'',21.163536,73.550842
2020-08-23 00:00:00,ONGC Colony,N21° 10' 42.86'',E73° 36' 25.03'',21.178572,73.606953
2020-08-23 00:00:00,Mandal,N21° 07' 13.87'',E72° 48' 10.29'',21.120519,72.802858
2020-08-25 00:00:00,Bhatpor,N21° 09' 49.78'',E73° 33' 6.31'',21.163828,73.551753
2020-08-25 00:00:00,Pokhran,N21° 08' 12.79'',E72° 45' 8.98'',21.136886,72.752494
2020-08-25 00:00:00,Kikakui,N21° 07' 13.03'',E72° 47' 49.54'',21.120286,72.797094
2020-08-28 00:00:00,Bhatpor,N21° 10' 9.95'',E73° 34' 29.79'',21.169431,73.574942
2020-08-28 00:00:00,Magdalla,N21° 09' 32.23'',E73° 32' 23.51'',21.158953,73.539864
2020-08-28 00:00:00,Aaffva,N21° 06' 35.59'',E73° 08' 3.26'',21.109886,73.134239
2020-08-30 00:00:00,Bhadbhunja,N21° 08' 15.46'',E72° 39' 11.72'',21.137628,72.653256
2020-08-31 00:00:00,Kawas,N21° 11' 1.84'',E73° 35' 33.71'',21.183844,73.592697
2020-09-01 00:00:00,Doswada,N21° 07' 18.79'',E72° 46' 35.3'',21.121886,72.776472
2020-09-05 00:00:00,Jiav,N21° 07' 40.89'',E73° 26' 15.22'',21.128025,73.437561
2020-09-10 00:00:00,Kikakui,N21° 07' 11.63'',E72° 47' 20.83'',21.119897,72.789119
2020-09-13 00:00:00,Bhatpor,N21° 10' 46.69'',E73° 34' 52.04'',21.179636,73.581122
2020-09-13 00:00:00,Hazira,N21° 09' 41.33'',E73° 42' 26'',21.161481,73.707222
2020-09-13 00:00:00,Vanz,N21° 07' 34.4'',E73° 22' 37.7'',21.126222,73.377139
2020-09-15 00:00:00,Sachin,N21° 07' 33.42'',E73° 24' 32.04'',21.12595,73.4089
2020-09-15 00:00:00,Kawas,N21° 11' 1.84'',E73° 35' 33.71'',21.183844,73.592697
2020-09-16 00:00:00,Borkhadi,N21° 05' 11.88'',E72° 58' 51.32'',21.086633,72.980922
2020-09-17 00:00:00,Bhimrad,N21° 07' 53.78'',E73° 28' 7.14'',21.131606,73.46865
2020-09-18 00:00:00,Bardoli,N21° 06' 20.25'',E73° 10' 19.55'',21.105625,73.172097
2020-09-23 00:00:00,Chorvad ,N21° 07' 7.01'',E72° 49' 0.78'',21.118614,72.816883
2020-09-24 00:00:00,Songadh,N21° 10' 6.41'',E72° 44' 3.17'',21.168447,72.734214
2020-09-25 00:00:00,Hazira,N21° 10' 0.64'',E73° 40' 36.47'',21.166844,73.676797
2020-09-25 00:00:00,Sachin,N21° 07' 33.85'',E73° 24' 18.18'',21.126069,73.40505
2020-09-26 00:00:00,Tadkuva,N21° 06' 7.67'',E72° 51' 44.72'',21.102131,72.862422
2020-09-26 00:00:00,Tadkuva,N21° 05' 46.8'',E72° 53' 4.22'',21.096333,72.884506
2020-09-30 00:00:00,Mandal,N21° 07' 13.83'',E72° 48' 3.37'',21.120508,72.800936
2020-10-03 00:00:00,Etadva,N21° 05' 56.82'',E73° 19' 26.18'',21.099117,73.323939
2020-10-06 00:00:00,Sonarpada,N21° 08' 47.68'',E72° 44' 44.17'',21.146578,72.745603
2020-10-07 00:00:00,Doswada,N21° 07' 21.46'',E72° 46' 30.95'',21.122628,72.775264
2020-10-07 00:00:00,Bhatia,N21° 06' 55'',E73° 21' 21.45'',21.115278,73.355958
2020-10-08 00:00:00,Vanz,N21° 07' 34.21'',E73° 23' 8.89'',21.126169,73.385803
2020-10-08 00:00:00,Bhatia,N21° 06' 57.83'',E73° 21' 23.14'',21.116064,73.356428
2020-10-11 00:00:00,Aafva,N21° 06' 34.57'',E73° 07' 39.05'',21.109603,73.127514
2020-10-11 00:00:00,Mandal,N21° 07' 13.81'',E72° 48' 13.76'',21.120503,72.803822
2020-10-13 00:00:00,Budia,N21° 07' 43.54'',E73° 26' 42.73'',21.128761,73.445203
2020-10-13 00:00:00,Katgadh,N21° 06' 16.41'',E72° 51' 18.25'',21.104558,72.855069
2020-10-15 00:00:00,Tichakpura,N21° 05' 6.03'',E72° 56' 24.98'',21.085008,72.940272
2020-10-15 00:00:00,Katgadh,N21° 06' 27.15'',E72° 50' 49.64'',21.107542,72.847122
2020-10-16 00:00:00,Vanz,N21° 07' 34.39'',E73° 22' 39.43'',21.126219,73.377619
2020-10-18 00:00:00,Tichakpura,N21° 05' 6.56'',E72° 56' 30.14'',21.085156,72.941706
2020-10-18 00:00:00,Tadkuva,N21° 05' 49.49'',E72° 52' 27.64'',21.097081,72.874344
2020-10-23 00:00:00,Bhatpor,N21° 09' 58.87'',E73° 33' 53.49'',21.166353,73.564858
2020-10-24 00:00:00,Bhatia,N21° 07' 6.29'',E73° 21' 28.32'',21.118414,73.357867
2020-10-24 00:00:00,Bhatpor,N21° 09' 59.29'',E73° 34' 7.27'',21.166469,73.568686
2020-11-08 00:00:00,Magdalla,N21° 09' 35.89'',E73° 32' 31.25'',21.159969,73.542014
2020-11-09 00:00:00,Chorvad,N21° 07' 4.95'',E72° 49' 5.49'',21.118042,72.818192
2020-11-09 00:00:00,Vanz,N21° 07' 34.3'',E73° 22' 55.02'',21.126194,73.38195
2020-11-11 00:00:00,Vanz,N21° 07' 34.25'',E73° 23' 1.95'',21.126181,73.383875
2020-11-13 00:00:00,Doswada,N21° 07' 45.87'',E72° 45' 50.02'',21.129408,72.763894
2020-11-15 00:00:00,Bajipura,N21° 05' 31.87'',E73° 00' 51.95'',21.092186,73.014431
2020-11-16 00:00:00,Vanesa,N21° 06' 5.47'',E73° 13' 29.02'',21.101519,73.224728
2020-11-19 00:00:00,Manekpor,N21° 06' 16.3'',E73° 17' 6.92'',21.104528,73.285256
2020-11-20 00:00:00,Virpur,N21° 06' 43.22'',E72° 49' 49.88'',21.112006,72.830522
2020-11-24 00:00:00,Bhimrad,N21° 08' 9.17'',E73° 28' 52.8'',21.135881,73.481333
2020-11-28 00:00:00,Bardoli,N21° 06' 30.08'',E73° 10' 56.13'',21.108356,73.182258
2020-12-02 00:00:00,Doswada,N21° 07' 46.72'',E72° 45' 48.55'',21.129644,72.763486
2020-12-02 00:00:00,Kikakui,N21° 07' 11.41'',E72° 47' 14.94'',21.119836,72.787483
2020-12-09 00:00:00,Tadkuva,N21° 05' 54.92'',E72° 52' 16.26'',21.098589,72.871183
2020-12-13 00:00:00,Songadh,N21° 08' 53.28'',E72° 44' 40.66'',21.148133,72.744628
2020-12-13 00:00:00,Abhava,N21° 08' 52.13'',E73° 31' 10.37'',21.147814,73.519547
2020-12-16 00:00:00,Hazira,N21° 09' 58.14'',E73° 40' 8.87'',21.16615,73.669131
2020-12-19 00:00:00,Katgadh,N21° 06' 16.31'',E72° 51' 18.59'',21.104531,72.855164
2020-12-22 00:00:00,Kawas,N21° 10' 41.5'',E73° 36' 28.18'',21.178194,73.607828
2020-12-23 00:00:00,Khusalpura,N21° 05' 22.09'',E72° 54' 10.42'',21.089469,72.902894
2020-12-25 00:00:00,Chorvad,N21° 07' 0.66'',E72° 49' 14.82'',21.11685,72.820783
2020-12-26 00:00:00,Pokharan,N21° 08' 11.76'',E72° 45' 10.33'',21.1366,72.752869
2020-12-28 00:00:00,Bhatia,N21° 06' 36.5'',E73° 21' 10.55'',21.110139,73.352931
2020-12-29 00:00:00,Sejvad,N21° 06' 5.76'',E73° 04' 48.28'',21.1016,73.080078
2020-12-29 00:00:00,Vaanz,N21° 07' 34.41'',E73° 22' 35.96'',21.126225,73.376656
